<?xml version="1.0" encoding="UTF-8"?>

<channel name="thunar" version="1.0">
  <property name="last-location-bar" type="empty"/>
  <property name="misc-change-window-icon" type="empty"/>
  <property name="misc-full-path-in-title" type="empty"/>
  <property name="misc-middle-click-in-tab" type="empty"/>
  <property name="misc-volume-management" type="empty"/>
  <property name="shortcuts-icon-size" type="empty"/>
  <property name="last-view" type="string" value="ThunarIconView"/>
  <property name="last-icon-view-zoom-level" type="string" value="THUNAR_ZOOM_LEVEL_100_PERCENT"/>
  <property name="last-separator-position" type="int" value="170"/>
  <property name="last-details-view-zoom-level" type="string" value="THUNAR_ZOOM_LEVEL_38_PERCENT"/>
  <property name="last-details-view-visible-columns" type="string" value="THUNAR_COLUMN_DATE_MODIFIED,THUNAR_COLUMN_NAME,THUNAR_COLUMN_SIZE,THUNAR_COLUMN_TYPE"/>
  <property name="last-details-view-column-widths" type="string" value="50,50,115,50,50,135,50,50,394,50,50,67,50,118"/>
  <property name="last-show-hidden" type="bool" value="true"/>
  <property name="last-window-maximized" type="bool" value="true"/>
</channel>
