<?xml version="1.0" encoding="UTF-8"?>

<channel name="xfce4-panel" version="1.0">
  <property name="panels" type="uint" value="1">
    <property name="panel-0" type="empty">
      <property name="position" type="string" value="p=6;x=0;y=0"/>
      <property name="length" type="uint" value="100"/>
      <property name="position-locked" type="bool" value="true"/>
      <property name="plugin-ids" type="array">
        <value type="int" value="1"/>
        <value type="int" value="2"/>
        <value type="int" value="3"/>
        <value type="int" value="4"/>
        <value type="int" value="5"/>
        <value type="int" value="6"/>
        <value type="int" value="7"/>
        <value type="int" value="8"/>
        <value type="int" value="9"/>
        <value type="int" value="10"/>
      </property>
      <property name="background-style" type="uint" value="0"/>
      <property name="size" type="uint" value="24"/>
      <property name="length-adjust" type="bool" value="true"/>
      <property name="span-monitors" type="bool" value="false"/>
      <property name="mode" type="uint" value="0"/>
      <property name="autohide-behavior" type="uint" value="0"/>
    </property>
  </property>
  <property name="plugins" type="empty">
    <property name="plugin-1" type="string" value="whiskermenu"/>
    <property name="plugin-2" type="string" value="separator">
      <property name="style" type="uint" value="0"/>
      <property name="expand" type="bool" value="false"/>
    </property>
    <property name="plugin-3" type="string" value="tasklist">
      <property name="show-handle" type="bool" value="false"/>
      <property name="flat-buttons" type="bool" value="true"/>
    </property>
    <property name="plugin-4" type="string" value="separator">
      <property name="style" type="uint" value="0"/>
      <property name="expand" type="bool" value="true"/>
    </property>
    <property name="plugin-5" type="string" value="systray">
      <property name="menu-is-primary" type="bool" value="true"/>
      <property name="show-frame" type="bool" value="false"/>
      <property name="square-icons" type="bool" value="true"/>
      <property name="size-max" type="uint" value="22"/>
      <property name="symbolic-icons" type="bool" value="true"/>
      <property name="known-legacy-items" type="array">
        <value type="string" value="ibus panel"/>
      </property>
      <property name="known-items" type="array">
        <value type="string" value="nm-applet"/>
      </property>
    </property>
    <property name="plugin-6" type="string" value="notification-plugin"/>
    <property name="plugin-7" type="string" value="indicator">
      <property name="blacklist" type="array">
        <value type="string" value="libappmenu.so"/>
      </property>
      <property name="square-icons" type="bool" value="true"/>
      <property name="known-indicators" type="array">
        <value type="string" value="libayatana-application.so"/>
      </property>
    </property>
    <property name="plugin-8" type="string" value="power-manager-plugin"/>
    <property name="plugin-9" type="string" value="pulseaudio">
      <property name="enable-keyboard-shortcuts" type="bool" value="true"/>
      <property name="enable-mpris" type="bool" value="true"/>
      <property name="enable-wnck" type="bool" value="true"/>
      <property name="mixer-command" type="string" value="pavucontrol"/>
      <property name="mpris-players" type="string" value="parole;rhythmbox"/>
      <property name="show-notifications" type="bool" value="true"/>
    </property>
    <property name="plugin-10" type="string" value="clock">
      <property name="digital-format" type="string" value=" %d %b, %H:%M "/>
      <property name="digital-time-format" type="string" value=" %d %b, %H:%M "/>
      <property name="digital-layout" type="uint" value="3"/>
    </property>
  </property>
  <property name="configver" type="int" value="2"/>
</channel>
